<?xml version="1.0" encoding="UTF-8"?>
<project-private xmlns="http://www.netbeans.org/ns/project-private/1">
    <editor-bookmarks xmlns="http://www.netbeans.org/ns/editor-bookmarks/2" lastBookmarkId="0"/>
    <open-files xmlns="http://www.netbeans.org/ns/projectui-open-files/2">
        <group>
            <file>file:/C:/Users/Tech_Bo$$/Documents/NetBeansProjects/%20Fibonacci/src/fibonacci/EvenFilter.java</file>
            <file>file:/C:/Users/Tech_Bo$$/Documents/NetBeansProjects/%20Fibonacci/src/fibonacci/fibonacciSequence.java</file>
            <file>file:/C:/Users/Tech_Bo$$/Documents/NetBeansProjects/%20Fibonacci/src/fibonacci/Aggregator.java</file>
            <file>file:/C:/Users/Tech_Bo$$/Documents/NetBeansProjects/%20Fibonacci/src/fibonacci/Fibonacci.java</file>
            <file>file:/C:/Users/Tech_Bo$$/Documents/NetBeansProjects/%20Fibonacci/src/fibonacci/SumAggregator.java</file>
            <file>file:/C:/Users/Tech_Bo$$/Documents/NetBeansProjects/%20Fibonacci/src/fibonacci/CountFilter.java</file>
        </group>
    </open-files>
</project-private>
