<?xml version="1.0" encoding="UTF-8"?>
<project-private xmlns="http://www.netbeans.org/ns/project-private/1">
    <editor-bookmarks xmlns="http://www.netbeans.org/ns/editor-bookmarks/2" lastBookmarkId="0"/>
    <open-files xmlns="http://www.netbeans.org/ns/projectui-open-files/2">
        <group>
            <file>file:/C:/Users/ICQ/Documents/NetBeansProjects/JavaLab01/src/excercise5/Main.java</file>
            <file>file:/C:/Users/ICQ/Documents/NetBeansProjects/JavaLab01/src/excercise4/Main.java</file>
            <file>file:/C:/Users/ICQ/Documents/NetBeansProjects/JavaLab01/src/excercise3/Main.java</file>
            <file>file:/C:/Users/ICQ/Documents/NetBeansProjects/JavaLab01/src/excercise6/Main.java</file>
            <file>file:/C:/Users/ICQ/Documents/NetBeansProjects/JavaLab01/src/Excercise1/Main.java</file>
            <file>file:/C:/Users/ICQ/Documents/NetBeansProjects/JavaLab01/src/excercise2/Main.java</file>
        </group>
    </open-files>
</project-private>
