<?xml version="1.0" encoding="UTF-8"?>
<project-private xmlns="http://www.netbeans.org/ns/project-private/1">
    <editor-bookmarks xmlns="http://www.netbeans.org/ns/editor-bookmarks/2" lastBookmarkId="0"/>
    <open-files xmlns="http://www.netbeans.org/ns/projectui-open-files/2">
        <group>
            <file>file:/C:/Users/Tech_Bo$$/Documents/NetBeansProjects/fibonacciFinalAbstraction/src/fibonaccifinalabstraction/Count7Filter.java</file>
            <file>file:/C:/Users/Tech_Bo$$/Documents/NetBeansProjects/fibonacciFinalAbstraction/src/fibonaccifinalabstraction/FibonacciFinalAbstraction.java</file>
            <file>file:/C:/Users/Tech_Bo$$/Documents/NetBeansProjects/fibonacciFinalAbstraction/src/fibonaccifinalabstraction/Filter.java</file>
            <file>file:/C:/Users/Tech_Bo$$/Documents/NetBeansProjects/fibonacciFinalAbstraction/src/fibonaccifinalabstraction/Iiterable.java</file>
            <file>file:/C:/Users/Tech_Bo$$/Documents/NetBeansProjects/fibonacciFinalAbstraction/src/fibonaccifinalabstraction/Iiterator.java</file>
            <file>file:/C:/Users/Tech_Bo$$/Documents/NetBeansProjects/fibonacciFinalAbstraction/src/fibonaccifinalabstraction/FibonacciSequence.java</file>
            <file>file:/C:/Users/Tech_Bo$$/Documents/NetBeansProjects/fibonacciFinalAbstraction/src/fibonaccifinalabstraction/Sequence.java</file>
        </group>
    </open-files>
</project-private>
